CustomerId,CreditScore,Geography,Gender,Age,Tenure,Balance,NumOfProducts,HasCrCard,IsActiveMember,EstimatedSalary,Exited
100000,697,France,Female,41,3,117211.57,2,1,0,99383.53,0
100001,637,France,Female,32,9,41718.91,2,1,0,20553.74,0
100002,712,Germany,Male,43,1,138113.14,1,1,1,88487.09,0
100003,795,Germany,Female,39,1,45150.61,2,0,0,120694.2,1
100004,628,France,Female,33,7,27515.78,2,0,1,191328.05,0
100005,628,Spain,Male,44,0,28898.41,2,1,0,110596.17,0
100006,800,France,Female,57,6,0.0,2,1,0,166534.86,0
100007,723,Germany,Male,37,4,105235.63,3,1,0,116218.61,0
100008,605,Germany,Male,46,10,0.0,2,1,1,22545.23,0
100009,702,Spain,Male,26,7,0.0,1,1,1,73276.53,0
100010,606,Germany,Male,29,0,0.0,2,1,1,121476.66,0
100011,606,Spain,Female,44,10,70663.68,1,0,0,190859.88,0
100012,673,France,Female,54,6,66680.13,1,1,0,173939.12,0
100013,468,Spain,Female,43,4,55744.83,1,0,0,57245.79,0
100014,486,France,Male,36,3,11360.18,2,1,0,55720.32,0
100015,597,Spain,Female,39,6,3321.51,2,1,1,52217.0,0
100016,554,Germany,Female,26,9,104790.93,1,1,1,185662.3,0
100017,680,Spain,Male,45,1,41865.78,1,1,0,172743.24,1
100018,564,France,Male,48,0,95614.22,1,1,1,158353.43,0
100019,516,Germany,Female,34,0,21114.58,2,1,0,87656.0,0
100020,789,Germany,Male,34,10,87225.89,1,0,1,108310.43,0
100021,629,Germany,Male,42,0,156803.24,2,1,0,100901.37,0
100022,656,France,Male,35,4,112342.28,1,0,0,61878.65,0
100023,515,France,Male,38,9,50430.34,1,1,0,108430.19,0
100024,598,France,Female,60,6,91946.34,1,0,0,20641.86,0
100025,661,France,Male,37,1,61078.76,1,0,1,39384.92,0
100026,541,Spain,Male,35,9,76488.57,2,1,0,179019.08,0
100027,686,France,Male,33,7,55812.11,1,1,0,154060.76,0
100028,593,Spain,Male,46,3,65811.22,1,1,1,93230.66,0
100029,622,France,Male,37,2,89149.79,1,0,1,110672.82,0
100030,593,France,Male,33,9,14411.76,1,1,1,83449.79,0
100031,826,Spain,Male,52,10,13015.51,1,0,0,152044.28,0
100032,649,Germany,Male,53,7,0.0,1,1,1,160074.63,1
100033,550,France,Female,33,1,0.0,2,1,1,156207.76,0
100034,728,Germany,Male,20,10,528.47,2,1,0,148683.17,1
100035,534,Germany,Female,49,10,85886.68,1,1,0,52833.3,0
100036,670,France,Male,32,2,20647.17,1,1,0,77524.45,0
100037,464,Spain,Male,47,2,107844.1,3,1,0,101921.41,0
100038,524,Spain,Male,19,9,78152.25,1,1,0,76196.7,0
100039,669,Germany,Male,48,10,0.0,1,1,0,154663.94,0
100040,720,France,Female,27,0,116608.49,1,1,1,75930.4,1
100041,666,Germany,Male,46,5,126269.52,1,0,1,40572.94,0
100042,639,France,Male,39,1,14380.51,2,1,1,88822.48,0
100043,621,France,Female,29,0,102051.88,1,1,1,196284.17,0
100044,510,France,Female,35,1,22897.11,2,1,0,56788.06,0
100045,582,France,Male,46,5,82055.56,1,0,1,128249.35,0
100046,606,Spain,Female,40,3,0.0,1,0,1,95100.01,0
100047,750,Germany,Female,45,5,0.0,2,1,0,28139.55,1
100048,683,Germany,Female,59,8,52265.33,1,1,1,105257.17,0
100049,483,France,Male,23,9,68328.81,2,0,1,144900.4,0
100050,681,France,Male,55,9,51343.86,1,1,1,109945.7,0
100051,613,France,Male,40,7,2590.11,2,1,1,176339.62,0
100052,586,Spain,Female,30,0,51206.26,1,1,0,68453.35,0
100053,708,France,Male,26,7,92696.27,2,0,0,30956.1,0
100054,748,Spain,Female,37,8,73216.63,1,0,0,188264.64,0
100055,738,Germany,Male,48,5,87315.06,2,1,1,84966.32,0
100056,570,France,Male,38,9,34452.86,1,0,1,121635.03,0
100057,621,Germany,Female,54,4,148646.51,2,0,1,161520.58,0
100058,681,France,Male,24,5,3077.25,1,1,0,74998.03,0
100059,743,Spain,Female,39,5,106228.74,2,1,0,147490.44,0
100060,604,Spain,Female,26,8,149277.25,1,0,1,40052.49,0
100061,632,France,Male,43,3,105816.3,1,0,1,68889.34,0
100062,545,France,Female,48,1,63443.5,1,0,0,41771.47,0
100063,536,Germany,Male,35,10,43245.58,1,0,0,165077.65,0
100064,727,Spain,Male,18,10,140237.43,1,1,1,56190.11,0
100065,779,France,Female,41,8,0.0,2,1,1,147719.66,0
100066,643,Germany,Male,43,1,15852.3,3,1,0,189510.2,1
100067,745,Germany,Female,43,9,51351.42,1,1,0,112637.86,1
100068,684,Germany,Male,51,8,152734.53,2,1,1,114905.4,0
100069,589,France,Male,28,1,99545.59,2,0,1,100291.21,0
100070,684,Germany,Male,46,7,15981.16,1,1,0,75289.68,1
100071,796,Spain,Male,51,8,56760.92,2,1,0,102996.18,0
100072,647,France,Male,21,9,37911.97,2,1,1,126519.39,0
100073,799,France,Female,42,8,31993.08,3,0,0,197408.44,0
100074,401,Spain,Female,34,9,136691.15,1,1,0,188486.44,1
100075,728,France,Female,38,8,0.0,2,1,1,174498.3,0
100076,658,Spain,Female,42,1,175744.41,1,1,0,179489.15,1
100077,622,France,Female,34,3,127350.24,1,0,1,101552.1,0
100078,659,France,Female,32,6,143633.42,1,1,0,136627.2,0
100079,461,Spain,Male,39,1,47297.75,4,1,1,180587.34,0
100080,629,France,Male,28,0,66703.68,2,1,0,87695.89,1
100081,684,Germany,Female,28,2,0.0,2,1,0,192926.06,0
100082,790,France,Female,46,3,43470.93,2,0,0,91920.42,0
100083,601,Germany,Male,28,7,106606.6,1,0,1,126200.29,0
100084,573,France,Male,46,5,156355.91,1,1,1,146313.87,0
100085,602,France,Male,44,10,7356.28,1,1,0,190859.52,0
100086,737,Spain,Female,22,1,53338.63,1,0,1,60254.01,0
100087,681,France,Female,32,8,66619.45,2,1,1,153034.23,0
100088,600,Germany,Female,51,1,0.0,2,1,1,111350.88,0
100089,699,France,Male,29,4,112663.65,1,0,0,64683.07,0
100090,659,Spain,Male,34,3,31112.6,1,1,1,158672.27,1
100091,742,France,Female,44,6,63885.8,1,1,0,117161.12,1
100092,583,Spain,Female,47,7,47979.14,1,1,0,137280.16,1
100093,619,France,Male,36,4,27061.01,2,1,1,74736.7,0
100094,613,France,Male,33,9,75563.21,2,1,1,104035.68,0
100095,511,France,Male,53,4,62632.21,2,0,0,129210.54,0
100096,678,France,Male,56,1,52944.81,1,1,0,89908.5,1
100097,675,Germany,Female,49,7,30835.38,1,0,1,51698.92,0
100098,650,France,Male,40,1,95810.53,1,1,1,192903.49,0
100099,628,Spain,Male,31,9,178524.27,2,0,0,109621.49,0
100100,516,France,Male,31,5,84673.01,2,1,1,150775.27,0
100101,610,France,Female,44,7,137759.33,1,1,0,91043.73,0
100102,617,Germany,Female,43,5,0.0,2,1,0,80699.38,0
100103,574,Germany,Male,53,3,85781.21,1,0,1,90325.4,0
100104,635,France,Male,46,3,7963.16,2,1,0,90701.38,0
100105,688,France,Male,24,5,0.0,2,1,0,115673.32,0
100106,829,France,Female,50,3,30158.97,2,1,1,115541.93,0
100107,667,Germany,Female,29,7,149897.76,2,0,1,106973.46,0
100108,674,Germany,Female,35,8,134900.98,1,1,0,39935.37,0
100109,643,France,Male,42,0,91066.29,1,1,1,106773.96,1
100110,468,Spain,Female,59,3,0.0,1,0,1,46284.22,0
100111,647,Spain,Male,70,3,63830.6,1,1,0,38335.12,0
100112,656,Germany,Male,45,1,94705.4,2,1,1,187539.46,0
100113,850,Spain,Male,37,5,86883.25,2,1,0,126915.75,0
100114,632,France,Female,44,2,0.0,1,1,0,137005.66,0
100115,679,France,Male,48,6,20800.29,2,1,1,89331.83,0
100116,647,France,Female,36,10,72027.18,1,1,1,183161.47,0
100117,539,France,Female,57,10,109250.04,1,1,0,133017.14,0
100118,759,Germany,Male,41,4,0.0,1,1,0,157296.43,0
100119,721,Spain,Male,44,3,65948.31,1,1,0,83184.06,0
100120,725,France,Female,46,4,84869.02,1,1,0,192602.2,0
100121,564,France,Male,43,7,128675.94,1,0,0,166785.34,1
100122,783,France,Female,47,2,118957.17,1,1,0,172980.47,0
100123,517,Spain,Male,33,6,112119.42,3,1,1,46855.94,0
100124,706,France,Female,33,5,26403.69,1,0,0,65128.19,0
100125,850,Germany,Female,28,0,0.0,1,0,0,67840.92,0
100126,556,France,Female,43,6,51630.73,1,1,1,65118.21,0
100127,596,France,Female,47,6,138101.17,2,1,1,173250.51,0
100128,659,Spain,Male,44,0,162394.18,1,1,0,20898.69,0
100129,602,Spain,Male,56,8,120054.04,2,1,0,29078.5,0
100130,503,France,Female,39,5,102619.13,2,0,1,65674.25,0
100131,657,Spain,Female,46,1,99537.66,2,1,0,51976.5,1
100132,549,Germany,Male,28,4,41520.64,2,1,0,57894.03,0
100133,695,Spain,Male,35,10,67936.26,1,1,1,162619.49,0
100134,563,France,Male,46,3,179482.31,1,0,0,119178.42,0
100135,797,Germany,Male,47,6,17561.4,1,1,0,16067.57,0
100136,576,France,Male,36,7,176116.29,2,0,0,94424.71,0
100137,619,Germany,Male,38,10,56034.25,1,1,0,90458.71,0
100138,727,France,Female,24,10,158176.79,1,1,0,36079.87,0
100139,533,France,Male,35,0,0.0,3,1,1,140086.23,0
100140,672,France,Male,48,4,112326.06,1,0,0,144887.98,0
100141,774,Germany,Female,45,2,30320.25,2,1,0,148365.25,0
100142,497,France,Male,44,0,0.0,2,1,0,149767.12,0
100143,668,Germany,Male,39,2,89549.11,1,1,1,15009.77,0
100144,675,Spain,Male,39,5,138587.25,1,1,1,191475.35,0
100145,724,France,Male,32,6,23613.63,1,1,0,165628.62,0
100146,532,Germany,Male,46,7,0.0,2,1,1,182236.61,0
100147,525,France,Female,43,10,70305.62,2,1,0,17894.01,0
100148,700,Spain,Male,44,3,70579.01,2,1,0,187763.88,1
100149,678,France,Female,34,2,109995.82,2,0,0,164810.88,0
100150,674,Germany,Female,18,4,134874.86,2,1,0,169885.54,0
100151,683,Spain,Male,50,8,72316.26,1,1,0,32258.17,0
100152,585,Spain,Female,34,5,191041.21,1,0,1,151673.94,0
100153,672,Germany,Male,30,8,89902.55,2,1,0,192584.59,0
100154,678,France,Female,46,5,54521.56,1,1,1,140531.26,0
100155,582,Germany,Female,35,1,0.0,1,1,0,120553.86,1
100156,827,Spain,Male,50,4,59715.11,2,1,0,189941.49,0
100157,695,Germany,Male,45,10,55144.01,1,0,0,96943.37,1
100158,537,France,Male,46,8,135538.9,2,1,1,125869.31,0
100159,712,Spain,Male,25,7,104673.98,2,0,0,103122.58,0
100160,557,Germany,Male,51,6,2879.11,1,1,1,187576.55,1
100161,725,Germany,Female,42,0,86679.77,2,0,0,29075.67,1
100162,760,France,Female,35,3,117634.93,1,0,0,107707.14,0
100163,572,Germany,Female,40,6,170737.94,1,1,0,142086.2,1
100164,742,France,Female,21,10,131025.25,1,1,0,161502.71,1
100165,689,Germany,Female,43,6,123172.49,1,1,0,122858.45,0
100166,728,France,Female,29,5,79725.33,1,1,0,183149.78,0
100167,830,Germany,Female,25,7,100075.34,1,0,1,189268.42,0
100168,627,Spain,Male,24,10,153469.3,1,0,0,26899.06,0
100169,578,France,Male,50,5,0.0,1,1,1,89438.55,0
100170,565,Spain,Female,33,9,54334.76,2,0,0,19339.92,0
100171,572,France,Female,54,2,28100.74,2,1,1,75942.08,0
100172,643,Spain,Male,34,3,99507.49,1,1,1,114320.62,0
100173,682,Spain,Male,22,2,152273.77,1,1,0,183497.06,0
100174,676,Germany,Male,28,0,38987.59,1,1,0,171612.55,0
100175,729,Germany,Male,51,9,0.0,1,1,1,38587.45,1
100176,651,Spain,Female,37,4,50442.31,2,1,1,32210.62,0
100177,788,France,Male,34,0,132635.37,2,0,0,124014.46,0
100178,625,France,Female,41,0,109333.05,1,0,0,113441.82,0
100179,850,Germany,Female,44,1,102547.55,1,1,1,64279.86,0
100180,709,Spain,Female,50,3,58640.42,1,1,0,181398.82,1
100181,569,Spain,Male,53,5,0.0,2,1,1,186562.79,0
100182,548,Spain,Male,35,7,107948.25,1,1,0,89483.12,0
100183,696,France,Female,26,2,24274.53,3,0,0,179705.97,0
100184,629,Spain,Female,35,0,211414.0,2,1,1,86030.55,0
100185,718,France,Female,42,2,111371.45,1,1,1,151311.11,0
100186,695,Germany,Male,29,2,39999.81,2,0,0,103049.31,0
100187,643,France,Female,29,4,38094.11,2,1,0,37677.88,0
100188,570,France,Male,42,10,70237.46,2,0,1,186667.83,0
100189,506,France,Female,39,3,61150.88,1,1,1,99007.87,0
100190,608,France,Female,39,3,145243.69,1,1,0,150880.1,0
100191,731,Germany,Female,31,8,87557.8,2,1,1,82927.16,0
100192,670,France,Male,37,6,30638.83,2,1,1,18492.96,0
100193,532,France,Male,30,3,193207.32,2,1,1,33598.12,0
100194,666,France,Female,48,2,79057.12,2,1,1,106800.6,0
100195,687,France,Male,49,5,123668.06,2,1,0,142643.41,0
100196,566,France,Female,21,2,38289.96,2,1,1,76926.04,0
100197,665,France,Male,30,5,98513.17,1,1,1,143665.36,0
100198,656,Germany,Male,24,10,95288.82,2,0,0,144247.58,0
100199,541,Germany,Male,32,10,0.0,2,1,0,145228.14,0
100200,684,Germany,Female,38,8,200947.06,2,0,0,106116.54,1
100201,703,France,Male,25,5,156019.96,2,0,1,184253.94,0
100202,753,France,Male,30,3,51373.89,1,1,0,105501.36,0
100203,750,Spain,Female,29,4,7659.28,2,1,1,98299.06,0
100204,519,Germany,Female,41,5,97548.82,2,0,1,51885.45,0
100205,561,France,Female,40,10,81375.26,1,1,1,71916.19,1
100206,699,France,Female,32,2,98051.47,1,1,1,22831.88,0
100207,699,France,Male,41,7,87877.8,1,1,1,132204.03,0
100208,699,France,Male,34,3,107386.94,1,0,0,60979.11,1
100209,850,France,Male,36,7,165732.95,1,1,1,71268.72,0
100210,704,Germany,Male,56,9,111222.4,1,1,0,157600.69,0
100211,758,Germany,Male,52,9,10921.36,2,1,1,75535.92,1
100212,741,Germany,Female,26,2,160478.9,2,0,0,59806.24,0
100213,712,Spain,Male,47,9,177718.1,2,0,1,46275.68,0
100214,620,Spain,Male,47,6,271427.52,2,1,1,158348.8,0
100215,722,Germany,Male,28,10,6343.37,1,1,1,38995.66,1
100216,577,Spain,Female,47,8,91058.68,1,0,0,98944.45,0
100217,628,France,Female,54,3,0.0,2,0,0,108782.07,0
100218,604,France,Male,28,7,110295.25,1,1,1,142167.13,0
100219,658,France,Female,30,2,42011.58,3,0,0,132157.44,0
100220,850,Germany,Female,49,6,195253.64,2,1,1,164983.32,0
100221,473,Spain,Female,42,2,27973.87,2,0,0,23279.02,1
100222,715,France,Female,45,6,0.0,3,0,1,69841.53,0
100223,497,Spain,Female,42,10,46781.65,1,1,0,66824.81,0
100224,605,France,Female,43,9,0.0,1,1,1,42013.13,0
100225,753,Spain,Female,26,9,122568.17,2,1,1,68497.98,0
100226,656,France,Male,49,10,0.0,1,1,0,72306.58,0
100227,548,France,Male,51,10,77764.37,2,1,0,111548.63,0
100228,582,France,Female,37,5,0.0,1,1,0,137785.33,0
100229,715,France,Male,39,1,56141.54,2,0,1,85503.6,0
100230,581,France,Male,24,10,177889.45,2,1,1,148101.99,0
100231,671,France,Female,44,2,98360.17,2,1,1,77190.59,0
100232,654,Spain,Male,45,5,22463.4,1,1,1,68702.48,0
100233,588,Germany,Female,38,3,74065.38,1,0,0,115119.79,0
100234,850,France,Female,50,5,77117.05,2,1,0,19387.53,0
100235,710,Germany,Female,36,0,105303.08,1,1,0,29760.99,0
100236,458,Germany,Male,45,9,0.0,2,1,0,92324.37,0
100237,668,France,Male,29,0,112739.17,2,0,1,189438.85,0
100238,587,France,Male,39,2,0.0,2,0,1,148479.68,0
100239,731,France,Male,37,7,36947.16,2,1,0,31303.42,0
100240,575,France,Female,41,7,45727.02,1,0,1,171568.83,0
100241,639,Germany,Female,35,10,115266.26,2,1,1,150475.64,0
100242,698,France,Male,38,3,77403.11,2,1,0,128025.11,0
100243,732,Germany,Female,47,5,0.0,1,0,0,166754.2,1
100244,536,Germany,Female,35,7,14930.43,3,1,0,89760.32,0
100245,618,France,Male,23,6,88318.16,1,1,1,55977.69,0
100246,605,Germany,Female,56,10,71097.82,1,1,1,109724.33,0
100247,588,France,Male,53,6,40094.31,1,0,1,116535.72,1
100248,818,Spain,Female,26,3,46188.31,3,0,0,114590.38,0
100249,688,France,Male,46,8,119162.42,1,1,0,119538.65,0
100250,530,Spain,Female,34,9,43903.06,2,0,1,190510.41,0
100251,737,Germany,Female,42,5,70538.34,2,1,1,181915.44,0
100252,850,France,Male,42,10,210536.07,1,0,1,177007.65,0
100253,748,Germany,Male,37,2,0.0,1,1,1,163262.11,0
100254,506,Spain,Male,31,4,0.0,2,1,0,189534.2,1
100255,604,Germany,Male,32,4,124582.56,1,1,1,33221.51,0
100256,770,Spain,Female,30,4,33924.13,2,0,1,64047.8,0
100257,583,Spain,Female,31,7,56269.27,1,1,0,106585.35,0
100258,692,France,Male,38,8,27568.3,1,0,1,171608.88,0
100259,724,France,Female,32,8,59892.39,2,1,0,108455.66,0
100260,562,Germany,Male,46,5,175109.36,1,0,0,153386.43,1
100261,644,France,Male,54,5,125731.96,1,1,0,40707.58,0
100262,350,Spain,Female,33,8,129457.86,1,1,0,61696.56,0
100263,553,Spain,Female,41,3,0.0,1,0,0,150378.58,0
100264,626,France,Male,44,5,4628.47,2,1,0,45475.79,0
100265,531,France,Male,44,3,0.0,2,0,1,80000.85,0
100266,805,Spain,Male,40,10,25818.39,1,1,0,64000.26,0
100267,514,France,Female,46,0,135315.6,2,1,0,79724.41,0
100268,608,Spain,Female,44,6,108050.68,2,1,0,146039.95,0
100269,662,France,Female,27,9,62266.18,1,1,1,83051.73,0
100270,787,Germany,Female,48,10,74617.38,1,0,0,117723.71,0
100271,514,France,Male,48,5,33289.1,2,1,0,33487.4,0
100272,761,Germany,Male,31,8,88695.05,2,0,1,163928.27,0
100273,651,France,Male,39,6,123484.45,2,1,1,83429.4,0
100274,557,Germany,Male,46,6,0.0,2,1,1,134978.82,0
100275,694,France,Male,37,1,94578.16,1,1,0,149197.08,0
100276,669,Germany,Male,50,10,133810.96,2,0,0,53787.27,0
100277,593,Spain,Female,63,8,50263.78,2,1,1,178664.87,0
100278,657,France,Female,31,9,119443.44,2,1,0,129001.49,0
100279,613,France,Male,25,8,250508.58,1,1,0,94314.15,1
100280,661,France,Male,42,5,69530.75,1,0,0,48732.01,0
100281,713,Germany,Female,46,2,100385.04,1,0,1,189325.67,0
100282,801,Germany,Female,37,0,30240.46,3,0,0,154687.62,0
100283,532,Germany,Female,54,3,87237.57,1,1,1,53484.54,1
100284,850,France,Female,26,2,104536.84,1,0,1,77476.49,0
100285,465,France,Male,46,0,88080.23,1,1,0,164789.74,0
100286,636,Germany,Male,33,2,12778.89,1,0,1,143700.37,0
100287,706,France,Male,56,3,88794.43,2,1,1,156670.09,0
100288,677,Spain,Male,59,7,166656.15,2,1,1,96622.2,1
100289,591,France,Male,31,8,103815.42,2,1,0,147548.11,0
100290,630,Germany,Female,34,2,135643.21,1,1,1,86501.34,0
100291,603,France,Male,48,5,61305.26,2,0,0,54083.64,0
100292,594,France,Female,35,9,122493.81,1,0,1,132045.25,0
100293,731,Germany,Male,39,10,93314.61,1,0,0,195562.58,0
100294,684,Germany,Male,39,4,17043.53,1,1,0,72461.18,0
100295,584,Spain,Male,20,5,95748.3,1,1,1,100279.37,0
100296,735,France,Male,39,3,14514.81,1,1,1,139690.25,0
100297,679,France,Male,32,9,36761.42,2,1,1,115178.66,0
100298,727,Germany,Female,34,5,87738.36,2,1,0,171034.14,1
100299,710,Germany,Female,53,6,94429.14,2,1,0,155922.4,0
100300,571,France,Female,26,8,2267.59,1,1,1,25784.98,0
100301,597,France,Male,47,9,141347.12,1,0,1,199707.93,0
100302,721,France,Male,36,6,111464.39,1,1,1,154194.45,0
100303,708,Spain,Female,36,5,32306.84,3,1,0,174822.11,0
100304,648,France,Male,47,0,0.0,2,1,0,135471.58,0
100305,661,France,Male,42,1,67015.92,2,1,1,173412.75,0
100306,771,France,Female,45,0,48351.49,1,1,1,35790.85,0
100307,594,France,Male,49,8,83014.71,2,0,0,79331.5,0
100308,702,France,Female,36,9,53486.77,1,1,1,177137.87,0
100309,631,Germany,Male,33,9,0.0,2,1,1,52306.21,0
100310,629,France,Female,28,8,51922.49,2,0,0,29474.79,0
100311,754,Spain,Male,31,6,57051.62,3,1,0,160802.0,1
100312,728,France,Male,68,1,115286.98,2,1,0,169564.94,0
100313,727,Germany,Female,51,5,32711.62,1,1,1,45090.66,0
100314,774,Spain,Male,25,10,180077.83,2,0,0,173054.01,0
100315,652,Germany,Male,26,3,0.0,2,1,0,142052.04,0
100316,715,Germany,Female,44,0,157292.38,1,1,1,111215.3,0
100317,621,France,Male,44,0,62092.22,1,1,0,168596.29,0
100318,681,France,Female,44,4,129294.26,1,1,0,92561.11,0
100319,638,Germany,Male,36,1,80947.69,1,1,0,50888.88,0
100320,659,Spain,Male,38,3,146652.44,1,1,1,67697.75,1
100321,707,Germany,Male,42,0,51983.56,2,1,1,108455.34,0
100322,572,Germany,Male,40,3,7885.53,1,1,0,113296.2,0
100323,849,Germany,Female,18,10,164071.27,1,1,1,164032.45,0
100324,554,France,Male,37,5,68964.2,2,0,1,161400.25,0
100325,535,France,Female,30,9,89736.63,2,1,0,122552.81,0
100326,760,Germany,Male,41,3,152554.62,2,1,0,159445.31,0
100327,725,Spain,Male,69,0,12018.77,1,1,0,50478.09,0
100328,709,France,Male,43,6,112920.44,2,0,0,24261.94,0
100329,710,Germany,Male,36,1,39426.53,2,1,1,176622.26,0
100330,649,France,Female,48,8,67805.5,1,0,1,28977.58,0
100331,565,Germany,Female,44,2,80481.3,1,0,0,60637.36,0
100332,657,France,Female,43,7,0.0,2,1,0,143634.01,0
100333,586,France,Female,45,7,27712.1,2,1,0,90747.87,0
100334,743,Spain,Male,60,2,159766.52,3,1,1,177118.08,0
100335,636,France,Female,28,3,130943.85,2,0,0,70126.26,0
100336,572,Germany,Female,44,1,72116.35,2,1,1,17196.2,0
100337,619,Spain,Male,30,3,91073.65,2,0,0,70621.29,0
100338,689,Spain,Male,45,10,57756.96,1,1,1,121943.88,0
100339,596,France,Male,30,10,160108.17,1,1,1,84548.6,0
100340,572,France,Male,35,10,63578.14,1,1,0,113951.46,0
100341,673,France,Female,36,8,90374.21,2,1,0,177170.65,0
100342,673,Spain,Female,49,1,147053.87,2,0,1,183809.74,0
100343,602,Spain,Male,48,2,27802.97,2,1,0,64205.2,0
100344,605,Germany,Male,27,10,172644.93,1,0,1,100495.99,0
100345,672,Spain,Male,40,10,0.0,2,1,0,116591.64,0
100346,512,Germany,Female,32,3,177037.81,1,1,1,190585.8,0
100347,516,Germany,Female,26,4,52894.11,1,0,0,199744.2,0
100348,582,France,Male,37,0,60952.68,2,1,1,58550.34,0
100349,630,Spain,Male,36,6,0.0,2,1,1,149491.28,0
100350,680,France,Female,63,9,47802.73,4,0,1,84935.75,1
100351,790,Spain,Male,43,6,11532.0,1,0,1,16500.02,0
100352,731,Spain,Male,25,8,38325.93,1,0,1,16711.72,0
100353,635,Germany,Female,33,3,67486.72,1,1,0,100204.71,0
100354,648,France,Male,49,5,135383.08,1,1,1,105341.96,0
100355,555,France,Female,60,10,88871.41,2,0,1,19175.39,0
100356,648,France,Male,23,1,95075.95,2,0,0,142081.57,0
100357,623,France,Male,20,3,8077.8,2,1,1,69390.63,0
100358,681,France,Female,58,1,21393.25,1,1,1,118580.22,0
100359,571,Spain,Female,43,9,187520.95,2,1,1,70670.03,0
100360,699,Germany,Male,30,4,30417.54,1,1,0,45919.85,0
100361,796,France,Female,44,6,178684.91,2,0,0,90327.14,1
100362,640,France,Male,18,0,60930.21,1,1,0,57970.57,0
100363,688,France,Male,39,9,76141.85,1,1,0,113938.18,0
100364,716,Germany,Female,42,9,142362.64,2,0,1,51783.28,0
100365,612,Germany,Male,48,6,154857.33,2,1,0,109055.11,1
100366,671,Spain,Male,29,9,69129.62,1,1,0,44115.03,0
100367,651,France,Female,40,5,51928.93,1,1,1,139130.32,0
100368,659,Spain,Female,30,5,72532.93,2,0,0,154478.47,0
100369,577,Spain,Male,42,7,96953.37,1,1,0,35422.93,0
100370,652,France,Female,30,7,131260.83,1,1,0,101543.45,0
100371,697,Spain,Female,35,5,76262.25,1,1,0,28111.26,0
100372,788,France,Female,29,2,114370.95,1,1,1,125663.75,0
100373,741,Spain,Female,46,4,177578.3,2,0,1,63914.8,1
100374,850,France,Male,48,1,99641.2,2,0,1,112610.52,0
100375,577,Spain,Male,37,4,95322.48,2,1,0,110730.29,0
100376,733,Spain,Male,39,8,0.0,3,0,1,186005.55,0
100377,667,Spain,Female,25,9,0.0,1,1,0,116580.4,0
100378,850,Spain,Female,36,0,100079.3,1,1,0,122854.72,0
100379,573,France,Female,38,9,70120.9,1,1,0,89305.83,0
100380,570,France,Female,65,4,44083.47,1,1,0,190579.73,0
100381,593,France,Female,28,5,91098.87,1,1,0,158779.39,0
100382,448,France,Female,54,10,72254.97,2,0,0,67799.98,0
100383,600,Germany,Female,49,6,145922.38,2,1,1,171178.77,0
100384,578,France,Male,42,8,81338.87,1,1,0,94993.33,1
100385,664,Spain,Male,57,5,29690.76,2,1,0,168303.42,0
100386,682,Germany,Female,43,4,137390.31,2,0,0,167234.29,1
100387,828,Spain,Female,43,6,62537.87,2,1,1,49940.98,0
100388,740,France,Female,38,0,108645.27,2,0,0,144711.11,0
100389,595,Spain,Male,51,10,46400.54,2,0,1,68768.95,0
100390,565,Spain,Male,50,4,35710.73,2,0,1,70036.14,0
100391,697,France,Female,33,1,81218.43,2,1,0,69824.39,0
100392,525,Germany,Female,26,3,76795.38,2,0,0,149230.13,0
100393,824,Spain,Male,37,6,105749.28,1,0,0,57517.82,0
100394,762,France,Male,31,4,59343.96,1,0,1,15167.58,0
100395,605,Germany,Male,38,5,0.0,2,0,0,147318.82,0
100396,487,France,Male,51,1,49168.02,1,1,0,46669.18,0
100397,779,France,Female,34,2,125216.74,1,0,0,34329.24,0
100398,639,France,Male,39,6,57562.68,2,0,1,58940.48,0
100399,768,France,Male,40,10,60724.23,1,1,0,85281.6,0
100400,499,France,Female,47,1,137155.34,2,1,0,103042.67,0
100401,593,France,Male,18,5,31857.66,2,1,1,23245.46,0
100402,650,Spain,Male,33,4,0.0,3,1,1,194556.07,0
100403,654,Germany,Male,41,9,66040.87,1,0,1,147471.66,0
100404,607,Spain,Female,51,0,45981.22,1,1,0,74790.9,0
100405,709,France,Male,34,10,16092.73,2,0,1,73958.99,0
100406,549,France,Female,20,9,65126.54,2,1,1,97980.37,0
100407,636,Germany,Female,45,10,106473.35,4,1,0,130855.29,0
100408,661,France,Male,33,3,75424.11,1,0,1,42079.02,0
100409,699,France,Male,27,10,95032.83,1,1,0,49952.02,0
100410,718,Germany,Male,33,1,188431.28,2,1,1,173995.4,0
100411,543,France,Male,37,3,54741.51,1,1,0,62407.16,0
100412,504,Germany,Female,33,0,93257.62,2,1,1,85336.07,0
100413,771,Germany,Male,18,1,44428.77,1,1,0,176185.29,0
100414,682,France,Male,48,7,23525.7,1,0,1,137682.35,1
100415,579,France,Male,52,5,39735.73,1,0,0,78216.7,0
100416,797,Spain,Female,46,1,46316.97,1,1,1,141484.42,0
100417,661,France,Male,28,5,98287.5,2,1,1,18641.39,0
100418,762,France,Male,37,9,221642.7,2,1,0,151093.89,0
100419,656,Spain,Female,39,8,31605.31,1,1,1,105097.97,0
100420,846,France,Female,45,6,50169.23,2,1,1,165438.7,0
100421,817,Germany,Male,46,8,72086.37,1,1,0,191607.97,0
100422,626,Spain,Male,32,4,100539.53,2,1,0,186270.88,0
100423,742,France,Male,40,6,92340.15,1,1,1,183214.03,0
100424,711,France,Male,44,10,155613.94,2,1,0,109751.44,0
100425,780,France,Male,54,6,0.0,2,1,0,81626.29,0
100426,558,France,Female,46,2,0.0,2,1,0,101031.54,0
100427,715,France,Female,47,6,45255.55,2,0,0,142630.76,0
100428,751,Germany,Male,40,0,144032.61,2,1,0,178539.59,0
100429,483,France,Male,53,8,0.0,3,1,0,53292.47,1
100430,538,Germany,Female,43,9,0.0,2,1,1,184865.73,0
100431,456,Spain,Male,30,5,111413.12,2,1,1,165808.34,0
100432,624,Spain,Male,53,4,91106.75,2,1,0,196088.36,0
100433,718,Germany,Male,46,6,8407.08,1,0,1,177846.58,1
100434,793,France,Male,35,4,14896.54,2,1,1,66788.41,0
100435,657,Germany,Male,34,9,15875.89,1,1,1,34601.84,0
100436,805,Germany,Female,42,4,82853.19,2,1,0,35764.6,0
100437,519,France,Male,44,10,37168.45,1,0,0,68876.31,0
100438,488,France,Male,41,9,106631.96,2,1,1,128623.99,0
100439,645,Spain,Male,42,10,0.0,1,1,1,163799.26,0
100440,686,France,Female,56,6,22875.18,1,1,1,181361.31,1
100441,647,France,Female,50,9,6184.65,1,1,1,130394.38,0
100442,454,France,Female,41,6,60106.88,3,1,0,16041.79,1
100443,642,France,Female,48,10,42641.04,1,1,1,49468.6,0
100444,526,Spain,Male,29,2,125466.31,1,1,0,33449.35,0
100445,714,Germany,Female,43,2,0.0,2,1,0,82215.03,0
100446,685,Spain,Male,57,9,78820.47,2,0,1,107749.93,0
100447,561,France,Male,37,2,110616.86,1,1,0,23028.48,1
100448,601,France,Female,31,5,191112.14,1,1,0,79468.43,0
100449,549,France,Female,32,5,46130.51,1,1,1,48148.24,0
100450,644,France,Female,28,2,96116.43,3,1,0,134707.98,0
100451,741,France,Female,31,2,0.0,1,0,1,100890.39,0
100452,556,Spain,Female,35,7,0.0,1,0,1,106633.76,0
100453,698,France,Male,25,7,128376.01,1,1,1,94122.98,0
100454,600,Germany,Female,39,6,75655.26,1,0,0,191863.65,0
100455,575,France,Female,48,9,149067.79,2,1,0,54726.0,1
100456,640,France,Female,30,3,0.0,1,1,0,110582.89,1
100457,552,France,Male,54,3,108233.93,1,1,0,151163.21,1
100458,597,Spain,Female,44,2,191866.71,1,0,0,118016.22,0
100459,536,Spain,Male,49,4,102021.75,1,0,1,186868.86,0
100460,837,Spain,Female,32,2,93148.05,1,1,0,84924.15,0
100461,653,France,Female,48,7,76530.48,2,1,1,100780.02,0
100462,584,France,Male,28,6,0.0,2,1,0,31376.63,0
100463,670,Germany,Female,48,2,160045.52,2,1,1,127664.84,0
100464,639,France,Male,41,8,38126.83,2,1,1,68319.21,0
100465,629,Spain,Male,45,4,107277.96,2,1,0,44657.17,0
100466,708,France,Male,27,8,0.0,1,1,0,115738.29,0
100467,722,France,Female,30,6,2873.5,2,1,1,113477.4,0
100468,600,France,Female,45,6,164975.42,2,0,1,29036.25,0
100469,595,France,Female,30,5,54467.26,2,0,1,144169.86,0
100470,624,Germany,Male,44,1,166103.08,2,1,0,130397.86,0
100471,431,France,Female,25,8,71149.7,1,1,0,49968.2,0
100472,506,France,Male,47,5,0.0,2,0,1,101845.45,0
100473,780,France,Female,27,7,131308.19,2,0,1,148259.74,0
100474,806,France,Male,45,0,39426.68,3,1,0,112945.61,0
100475,626,Spain,Male,45,4,119318.71,1,0,1,88165.48,0
100476,705,Spain,Male,32,0,77563.07,1,1,0,74632.61,0
100477,680,Spain,Female,45,9,0.0,1,1,0,127922.87,0
100478,850,Spain,Male,42,10,86186.28,2,1,0,188735.11,0
100479,756,France,Male,34,7,212165.83,1,1,0,139272.8,0
100480,638,Germany,Male,29,7,106565.16,1,1,1,28827.99,0
100481,559,France,Male,19,0,72433.9,4,1,0,100226.72,0
100482,497,France,Male,42,8,142671.29,1,1,0,179802.46,0
100483,669,Spain,Male,23,1,89061.44,2,1,1,32475.55,0
100484,578,France,Female,40,8,88991.12,1,1,1,197942.01,0
100485,515,Spain,Female,36,0,8319.24,2,0,1,190577.84,1
100486,589,France,Male,46,9,90498.58,2,0,1,29480.78,0
100487,547,Germany,Female,36,8,140197.49,2,0,0,187681.46,0
100488,810,Germany,Female,36,3,24164.15,2,0,1,82179.53,0
100489,734,Spain,Male,46,8,164318.74,1,1,1,171271.2,1
100490,649,Germany,Male,42,6,70314.23,1,1,1,92400.92,0
100491,791,Germany,Male,42,10,20958.29,1,1,0,96558.2,0
100492,657,France,Female,44,5,137853.19,2,1,0,132334.97,0
100493,568,Germany,Male,24,4,58218.76,2,1,1,158278.32,0
100494,795,France,Female,47,10,123089.92,1,1,0,21250.99,0
100495,701,Germany,Male,45,8,57910.96,2,1,1,124733.86,0
100496,551,Germany,Female,29,1,72290.78,1,0,1,49545.6,0
100497,632,Germany,Male,37,10,106600.73,2,0,1,79000.66,0
100498,567,France,Male,39,1,94035.62,3,1,1,79374.2,0
100499,519,France,Female,38,10,0.0,1,1,1,101776.16,0
100500,738,Germany,Female,42,8,6482.89,1,0,0,76815.24,0
100501,831,France,Female,53,2,133623.42,1,0,1,34861.81,0
100502,517,France,Female,50,7,67807.53,2,1,1,41941.32,0
100503,703,France,Female,26,10,43528.66,2,0,0,21186.03,0
100504,588,Spain,Female,45,8,0.0,1,1,0,101996.08,0
100505,604,Germany,Male,52,7,9056.35,1,1,0,191572.82,1
100506,594,France,Female,43,3,0.0,1,1,1,36399.92,0
100507,568,France,Male,50,0,69720.6,2,1,0,190058.93,0
100508,655,France,Male,59,3,38896.87,2,1,1,150671.88,0
100509,571,Spain,Female,49,8,16071.55,1,1,0,132937.28,0
100510,676,Germany,Male,41,1,71776.35,2,1,0,134376.38,0
100511,645,France,Female,49,2,98566.18,2,1,1,167944.61,0
100512,627,France,Female,40,9,205778.27,1,0,0,34780.17,1
100513,564,France,Male,39,7,0.0,1,1,1,108379.55,0
100514,595,Germany,Male,35,5,147881.62,2,1,1,143961.86,0
100515,722,Spain,Female,55,7,136332.3,3,1,1,123561.78,0
100516,698,France,Female,31,6,27696.25,1,1,0,169064.13,0
100517,557,France,Male,54,4,88600.63,1,1,1,28370.27,0
100518,659,France,Male,44,8,47626.74,1,0,1,142779.69,0
100519,721,Spain,Male,25,3,87512.69,2,1,1,113795.13,0
100520,491,France,Male,43,5,169566.12,1,1,0,85144.76,1
100521,702,Spain,Female,18,1,113547.59,1,1,1,77950.87,0
100522,587,Germany,Female,45,1,107533.72,2,1,1,129854.04,0
100523,704,France,Female,48,1,49320.82,2,0,1,179834.14,0
100524,577,France,Female,33,9,0.0,1,1,0,106792.55,0
100525,479,France,Male,40,6,63074.97,1,0,0,167573.79,0
100526,495,Germany,Male,59,1,150809.71,2,1,0,89398.93,0
100527,655,Spain,Female,34,1,0.0,1,1,0,33942.98,0
100528,675,Germany,Female,28,8,10584.46,1,0,0,26378.56,0
100529,564,Germany,Female,54,6,83828.6,2,1,0,24496.86,1
100530,711,France,Female,59,10,14951.4,1,0,1,85327.78,0
100531,492,Spain,Female,39,2,26863.55,2,0,0,77388.98,0
100532,644,Spain,Female,49,2,49736.89,2,1,1,147818.35,0
100533,535,France,Female,52,6,0.0,1,1,0,152421.98,0
100534,588,Spain,Female,32,4,15604.45,1,1,0,24407.98,0
100535,655,Germany,Female,34,9,119612.53,2,1,0,55907.8,0
100536,568,Germany,Male,51,5,0.0,2,1,0,65738.44,0
100537,613,Germany,Female,56,7,0.0,2,1,1,116308.22,0
100538,746,Spain,Male,45,8,36938.45,2,0,1,41735.32,0
100539,595,Germany,Male,30,0,121381.24,1,0,0,39779.13,0
100540,729,France,Female,59,2,63790.85,2,1,0,189600.94,0
100541,543,France,Female,34,10,47195.97,1,1,0,163777.54,0
100542,700,Spain,Male,36,6,78750.25,1,1,1,48421.16,0
100543,787,France,Male,42,5,0.0,1,1,1,90215.04,0
100544,415,France,Female,55,6,106671.75,1,1,1,80790.07,0
100545,574,France,Male,48,7,99772.97,2,0,1,161335.75,0
100546,705,France,Female,43,5,50622.87,1,0,1,109389.39,0
100547,631,Germany,Female,44,2,138367.32,1,1,0,38652.2,0
100548,685,Spain,Female,39,1,6095.24,1,1,0,151713.53,0
100549,593,France,Male,45,6,145930.36,2,1,1,88424.28,0
100550,658,France,Male,18,10,85578.61,2,0,1,63640.99,0
100551,635,France,Female,36,0,55133.74,1,1,1,84467.25,0
100552,761,Spain,Male,41,2,74767.83,1,0,1,107084.96,0
100553,674,Germany,Male,27,10,69349.58,1,0,0,78476.37,0
100554,682,France,Male,43,3,151657.54,2,1,1,59752.57,0
100555,611,Spain,Male,37,0,9245.89,2,0,1,88722.88,0
100556,604,Spain,Male,57,4,28723.81,2,1,0,18546.99,1
100557,609,Spain,Male,55,9,140250.78,2,0,1,157912.1,0
100558,687,Spain,Male,34,2,39076.83,1,1,1,46624.81,0
100559,610,France,Female,37,1,131833.05,2,1,0,23122.35,0
100560,678,Spain,Male,38,2,181365.03,2,1,0,135934.26,0
100561,847,France,Male,34,7,51088.71,1,1,0,158178.18,0
100562,733,Spain,Male,41,5,118244.46,1,0,1,165558.39,0
100563,619,Germany,Male,31,6,4471.08,2,1,0,106299.2,0
100564,764,Spain,Male,28,5,122793.46,2,1,1,52993.11,0
100565,611,Germany,Male,45,5,88364.29,1,0,1,151387.12,0
100566,456,France,Male,45,2,105328.37,2,1,0,144446.92,0
100567,554,Germany,Male,31,7,35974.53,2,0,1,60560.09,0
100568,472,Spain,Female,48,6,0.0,1,1,1,182130.43,0
100569,617,Spain,Male,33,6,107201.63,1,1,0,34308.72,0
100570,652,France,Male,42,5,0.0,1,0,0,196797.32,0
100571,809,France,Male,47,4,56324.27,2,1,1,174145.85,0
100572,681,France,Male,39,9,134353.28,1,1,1,142261.25,0
100573,629,Germany,Female,44,7,87897.66,1,1,0,188668.73,0
100574,729,Spain,Female,34,4,196797.24,2,1,0,148627.57,0
100575,440,France,Female,37,8,139556.77,2,1,0,50234.54,0
100576,672,Germany,Female,37,8,35458.3,1,1,1,96798.89,0
100577,723,Spain,Female,32,0,77693.43,1,1,0,28228.06,0
100578,510,Germany,Female,37,5,73063.02,1,0,1,87086.62,0
100579,759,Germany,Female,24,6,0.0,2,1,1,152196.56,0
100580,682,Germany,Female,34,2,17695.27,2,1,0,86492.02,0
100581,611,Germany,Female,36,6,41232.82,1,1,1,76104.42,0
100582,710,France,Female,36,10,0.0,2,1,0,125140.81,0
100583,850,Germany,Female,37,10,78944.6,2,1,1,176357.84,0
100584,667,Germany,Female,38,6,60557.55,2,1,0,23802.89,0
100585,674,Spain,Female,44,10,0.0,2,1,1,86312.03,0
100586,606,Germany,Female,48,1,101061.2,1,1,1,44274.54,0
100587,569,Spain,Female,33,6,120384.11,1,1,0,143640.54,0
100588,729,France,Female,27,0,90076.14,2,1,0,34559.04,0
100589,569,France,Male,29,4,55907.77,2,1,0,137989.44,0
100590,657,France,Female,34,8,112669.41,2,1,0,67943.46,0
100591,605,France,Male,35,6,118173.66,1,0,1,51799.61,0
100592,696,Germany,Female,31,6,95059.02,2,1,1,188225.22,0
100593,682,Spain,Female,26,10,24874.04,2,1,0,18427.05,0
100594,749,France,Male,34,1,93149.25,1,0,1,95988.8,0
100595,602,France,Female,41,7,150119.8,1,0,1,19000.99,0
100596,624,Spain,Male,45,2,39009.0,2,1,1,104464.71,0
100597,557,France,Male,33,7,206072.24,2,1,0,107693.76,0
100598,608,Germany,Male,35,2,43410.88,1,1,0,74507.56,0
100599,686,Germany,Female,30,9,78009.23,2,0,0,39449.93,0
100600,722,Germany,Female,39,6,34305.89,1,0,1,84631.69,0
100601,562,France,Female,31,1,89842.79,1,1,0,139368.64,1
100602,733,France,Male,45,3,0.0,2,1,0,159743.22,0
100603,779,Spain,Male,21,10,42145.41,2,0,0,113188.86,0
100604,689,Germany,Female,35,5,8288.49,2,1,1,124119.36,0
100605,828,France,Female,42,10,84390.98,2,1,0,52114.03,0
100606,576,Spain,Female,41,8,137655.74,1,0,0,68156.11,0
100607,532,France,Female,66,4,116052.38,2,0,0,44950.69,0
100608,481,Germany,Female,42,8,0.0,1,0,0,61119.64,0
100609,792,France,Male,29,4,202608.32,1,1,1,56604.05,0
100610,712,Spain,Male,38,9,94307.36,1,1,0,111098.03,0
100611,645,France,Male,21,7,27857.05,1,1,0,119097.42,0
100612,677,France,Female,38,0,85741.93,1,1,1,189815.27,0
100613,543,France,Male,31,6,86923.77,1,1,0,51180.57,0
100614,850,France,Male,48,3,34655.38,1,1,0,133710.01,0
100615,662,Spain,Male,34,4,88270.83,1,1,1,166192.96,0
100616,660,Spain,Male,38,5,38336.72,2,0,0,118644.67,0
100617,719,France,Male,33,4,50929.56,1,1,0,62175.68,1
100618,696,France,Female,56,0,33450.69,1,1,0,63571.79,0
100619,671,Germany,Male,36,8,0.0,2,1,0,22261.81,0
100620,575,Spain,Female,57,1,85041.86,2,1,1,71507.18,0
100621,695,Germany,Female,47,8,112288.57,2,0,1,152751.68,1
100622,829,France,Female,44,9,107922.78,1,1,1,23790.79,1
100623,778,France,Female,43,1,126835.37,2,1,0,55569.63,0
100624,801,Germany,Female,43,8,96109.09,1,1,0,145653.01,0
100625,601,France,Male,20,5,42971.02,1,1,1,159790.54,0
100626,556,Germany,Male,36,10,128059.16,1,1,1,99233.91,0
100627,638,France,Female,47,8,0.0,2,1,0,144143.75,0
100628,655,Spain,Female,39,5,20158.37,1,1,0,86771.15,0
100629,754,France,Female,25,5,16219.6,1,1,0,44583.95,0
100630,489,Germany,Male,38,10,142963.48,1,1,0,88657.66,1
100631,795,France,Female,56,1,134452.89,2,1,0,122294.05,0
100632,635,Germany,Male,51,7,106212.92,2,1,0,190389.86,0
100633,609,France,Female,38,2,142459.65,1,1,1,27718.93,0
100634,554,Germany,Male,49,6,21484.47,2,0,1,108867.91,0
100635,493,Germany,Female,35,4,97612.9,2,0,0,75850.16,0
100636,728,Germany,Male,22,2,68239.19,2,1,0,109037.66,0
100637,657,Germany,Female,30,0,128506.69,1,1,1,19435.46,0
100638,527,Germany,Male,55,7,68856.1,2,1,0,72909.69,1
100639,527,Spain,Male,36,2,52133.54,1,1,1,166675.61,0
100640,618,France,Male,37,1,109536.33,2,0,0,117479.22,0
100641,809,Spain,Male,36,0,130322.49,1,1,1,98357.76,0
100642,625,France,Male,58,3,34562.6,1,1,0,67822.14,0
100643,507,France,Male,55,7,72213.31,1,1,0,70137.87,1
100644,627,France,Male,61,2,10376.68,2,1,0,85873.77,0
100645,624,France,Female,37,0,0.0,1,1,0,169580.58,0
100646,394,Spain,Female,42,3,88428.5,2,0,0,193934.44,0
100647,645,Germany,Female,24,8,113752.13,1,1,1,96151.25,1
100648,628,Spain,Female,54,0,92248.14,2,0,0,87770.28,0
100649,716,Germany,Female,27,10,0.0,2,1,0,171611.89,0
100650,826,France,Male,41,1,54247.34,2,1,1,93977.48,0
100651,757,France,Male,28,8,0.0,2,1,1,117123.36,0
100652,624,France,Male,33,1,160921.47,2,1,1,57724.21,0
100653,545,France,Male,31,2,8664.62,1,1,1,152547.97,0
100654,850,France,Male,33,6,153835.02,2,1,0,113417.84,0
100655,656,France,Female,34,2,134643.92,1,0,1,164671.39,0
100656,651,Germany,Female,34,8,20163.4,2,1,1,159435.56,0
100657,648,Germany,Female,47,5,5767.33,2,1,1,54775.88,0
100658,669,Spain,Female,28,2,97722.95,1,1,0,147392.58,0
100659,636,Spain,Male,41,8,23651.91,1,1,0,163010.07,0
100660,596,Germany,Male,51,0,82354.05,1,0,0,79029.84,1
100661,598,France,Male,34,9,46064.69,2,0,1,46932.69,0
100662,647,Germany,Female,32,2,0.0,2,1,1,15486.95,0
100663,598,Spain,Male,37,0,0.0,2,1,1,98417.18,0
100664,582,France,Female,51,1,90054.42,2,1,0,80200.06,0
100665,660,France,Male,41,7,41183.42,2,1,1,117658.32,0
100666,626,Spain,Male,34,6,41708.43,1,0,1,49787.6,0
100667,793,France,Female,44,1,119143.56,1,1,0,174038.13,0
100668,398,Germany,Male,28,1,148753.42,2,0,1,62684.71,0
100669,754,Germany,Male,46,8,59102.23,2,1,0,56889.48,0
100670,768,France,Female,43,5,54882.88,2,0,1,103932.1,0
100671,453,France,Male,36,4,107008.87,1,1,1,107287.44,1
100672,617,France,Female,31,9,0.0,1,0,1,54790.77,0
100673,615,France,Male,30,5,89835.49,1,1,1,65294.23,0
100674,516,France,Male,44,8,110216.93,1,1,1,46395.47,1
100675,576,Spain,Male,51,10,118174.27,1,1,0,147915.13,1
100676,544,France,Male,33,6,0.0,2,1,0,157466.47,0
100677,816,Germany,Male,44,9,28795.97,1,1,1,100530.77,0
100678,739,France,Male,18,9,21547.68,2,0,0,147106.1,0
100679,771,Spain,Male,33,8,82192.99,1,1,0,151148.05,0
100680,719,France,Male,39,3,105806.16,2,1,1,40580.97,0
100681,543,France,Female,30,1,168796.05,1,0,1,193742.93,0
100682,600,Spain,Female,30,7,45312.14,1,0,0,166890.91,0
100683,696,Spain,Male,32,3,45150.51,1,1,0,52829.44,0
100684,534,France,Male,42,8,147279.67,3,1,0,49440.53,1
100685,718,Spain,Female,37,3,94387.77,2,1,0,38247.31,0
100686,627,France,Male,18,7,154594.39,1,1,0,40600.03,0
100687,614,France,Male,18,8,93901.14,1,0,1,153409.93,0
100688,718,France,Female,33,8,4258.77,2,0,0,101886.04,0
100689,692,France,Male,44,9,0.0,1,1,0,159842.82,0
100690,616,Germany,Male,18,3,0.0,1,0,0,153057.16,0
100691,760,France,Female,34,0,117047.21,2,1,1,126853.35,0
100692,547,France,Male,34,2,149693.0,2,1,0,141977.82,0
100693,709,Germany,Male,53,8,190660.45,1,0,0,18395.81,0
100694,706,Spain,Female,35,3,128272.53,1,1,0,72678.86,0
100695,621,France,Male,43,4,148095.99,2,0,1,132997.1,0
100696,681,Germany,Female,40,6,40038.99,1,1,1,16728.82,0
100697,531,France,Male,18,4,4302.22,1,0,0,21100.73,0
100698,738,Spain,Male,47,3,128704.92,2,1,0,172599.28,0
100699,632,Germany,Female,41,1,101896.21,2,1,0,141544.6,0
100700,600,Spain,Female,44,1,82661.55,1,1,1,64093.4,0
100701,750,France,Male,78,3,100017.03,4,1,1,142273.13,0
100702,583,France,Female,18,9,96037.5,2,0,0,161604.48,0
100703,516,France,Female,56,9,155596.65,1,1,0,71756.94,0
100704,502,France,Male,36,8,156289.11,4,1,0,21666.91,0
100705,708,France,Male,42,7,109741.66,1,1,0,187564.14,1
100706,528,Spain,Male,39,2,128439.78,1,0,1,78858.27,0
100707,817,France,Female,35,8,107871.88,2,1,0,34699.13,0
100708,452,France,Female,33,4,47407.48,1,0,0,105993.52,0
100709,811,Spain,Female,42,10,122907.01,1,1,0,157166.54,0
100710,670,France,Female,24,2,0.0,1,0,1,56004.75,0
100711,641,Spain,Male,47,4,141341.28,1,1,1,64855.66,0
100712,598,France,Female,35,9,1939.58,2,0,0,59902.27,0
100713,688,France,Male,28,3,93719.8,2,1,0,198459.51,0
100714,646,France,Female,34,7,23600.45,4,1,0,51519.69,0
100715,755,France,Male,52,4,110310.12,1,0,0,121471.24,0
100716,661,Spain,Male,34,9,73896.64,1,1,0,186173.96,1
100717,664,France,Male,43,7,0.0,1,0,1,42175.87,0
100718,615,Germany,Female,32,8,102083.38,1,1,1,194608.03,0
100719,645,France,Male,47,3,40168.91,1,1,1,190283.29,0
100720,679,France,Male,46,6,130631.1,2,1,0,178645.82,0
100721,488,Spain,Female,57,1,76082.19,2,1,1,54692.96,0
100722,522,France,Male,37,5,100516.1,3,0,1,132300.19,0
100723,721,Germany,Female,46,7,16630.72,1,1,0,155764.92,0
100724,666,Spain,Female,40,6,39461.4,2,0,0,197415.17,0
100725,633,Germany,Male,52,6,47564.4,1,1,0,48378.41,0
100726,652,Spain,Male,32,7,129115.55,1,1,0,156714.79,0
100727,683,France,Female,46,6,179997.38,2,1,0,77678.22,0
100728,599,France,Male,37,4,26079.35,2,0,1,47490.9,0
100729,576,France,Female,38,6,142764.58,1,1,0,92954.73,0
100730,669,Germany,Female,40,9,0.0,1,1,1,161859.64,0
100731,557,Spain,Female,42,2,1960.26,1,0,0,100997.21,1
100732,689,France,Male,38,4,16555.74,2,1,1,114441.77,0
100733,488,Germany,Female,41,6,0.0,1,1,0,199104.49,0
100734,748,France,Male,55,8,0.0,3,1,1,88835.22,0
100735,695,Germany,Male,49,1,101605.93,1,1,0,128849.14,1
100736,674,France,Male,48,3,62727.8,1,1,0,82570.18,0
100737,743,Spain,Male,34,6,99523.13,1,0,1,87665.34,0
100738,808,Germany,Female,30,0,118809.31,2,1,0,143693.54,0
100739,746,France,Male,49,1,92468.25,1,0,1,188509.09,0
100740,475,France,Female,48,8,116781.32,2,1,1,115336.41,0
100741,528,France,Female,54,9,71689.0,2,1,0,157153.99,1
100742,591,France,Male,33,6,2406.41,2,1,0,31503.21,0
100743,652,France,Female,37,9,141584.48,2,1,1,54064.24,1
100744,699,Spain,Female,23,6,39475.05,2,0,0,107894.35,0
100745,581,Germany,Male,35,5,17993.03,2,1,1,18702.17,0
100746,668,Germany,Female,49,2,64969.09,2,1,1,61778.17,0
100747,578,France,Female,34,9,19405.72,1,0,0,110719.24,0
100748,592,Spain,Female,45,2,50119.32,1,1,0,17767.82,0
100749,516,Germany,Female,37,1,97331.34,1,1,1,63941.06,1
100750,562,France,Male,42,10,97597.19,1,1,0,110095.7,0
100751,522,Germany,Female,28,5,20334.54,1,0,0,121032.61,0
100752,557,Germany,Female,40,3,45762.27,3,1,0,186264.06,0
100753,750,France,Female,18,4,142608.65,1,0,1,134388.94,0
100754,560,France,Female,37,2,106776.81,1,0,0,91726.12,0
100755,850,France,Male,23,5,204654.03,2,0,0,187114.97,0
100756,697,France,Female,51,10,149167.95,1,0,1,160203.35,0
100757,668,Spain,Male,47,2,146946.17,1,0,0,52001.65,0
100758,568,Spain,Female,44,7,0.0,1,1,0,39205.84,1
100759,717,Germany,Male,54,8,123359.34,1,1,1,140025.15,0
100760,595,France,Male,30,3,72707.38,1,0,1,118578.39,0
100761,662,France,Male,56,8,41839.13,2,0,1,161089.62,1
100762,850,Germany,Male,48,6,86416.95,2,1,0,151678.93,0
100763,641,Germany,Male,37,2,134603.12,1,1,1,130664.13,0
100764,759,France,Female,50,6,107051.56,1,0,0,197480.7,0
100765,583,Germany,Female,28,0,21534.62,1,0,0,113714.1,0
100766,647,Spain,Female,31,2,122032.45,2,0,0,35924.56,0
100767,818,France,Male,33,5,36469.57,1,0,0,168230.61,0
100768,590,France,Female,34,3,89434.35,1,0,1,61592.87,0
100769,822,Spain,Male,28,6,57192.3,2,1,0,158800.9,0
100770,717,France,Male,51,2,62430.29,1,0,1,192064.81,0
100771,597,France,Female,36,0,123507.06,1,1,1,143907.17,0
100772,710,France,Female,43,8,11507.99,1,0,1,125265.58,0
100773,742,France,Male,33,5,196602.09,2,1,0,100171.44,0
100774,709,Spain,Male,21,7,0.0,2,1,1,82415.83,0
100775,501,Germany,Female,42,2,38944.6,2,1,0,80305.88,0
100776,581,France,Female,20,7,98953.14,1,1,0,132728.95,0
100777,626,Spain,Female,38,1,112227.48,2,1,1,153985.53,1
100778,643,Spain,Female,25,3,69770.51,3,1,0,140525.66,0
100779,709,Spain,Male,59,2,72441.78,3,1,0,51705.87,1
100780,667,France,Female,48,9,101454.11,1,1,1,106387.63,0
100781,523,France,Female,40,0,61673.69,2,1,0,161453.41,0
100782,686,Spain,Female,52,6,162377.24,1,1,1,103005.25,1
100783,708,Spain,Male,31,10,128039.65,1,1,0,114275.31,0
100784,703,France,Male,44,9,130115.11,2,1,0,157660.17,0
100785,753,France,Male,41,1,16098.28,1,0,0,137334.08,0
100786,729,France,Male,42,3,71077.92,2,0,0,90728.81,0
100787,694,Spain,Female,52,8,57371.11,1,1,0,180651.35,1
100788,643,Germany,Male,46,5,13652.71,2,0,1,45074.91,0
100789,492,France,Female,42,7,98330.18,2,1,1,199170.54,0
100790,691,France,Female,22,1,42665.96,2,0,1,36987.73,0
100791,670,Germany,Female,29,6,116635.04,1,1,0,17765.74,0
100792,676,Spain,Female,38,5,9648.12,1,1,1,179653.5,0
100793,529,France,Male,40,8,182580.52,2,1,1,60316.4,0
100794,547,Spain,Male,28,6,20427.38,1,1,1,149994.43,0
100795,750,Spain,Male,63,0,89596.74,3,1,0,165037.84,0
100796,646,France,Female,54,7,125095.28,2,1,1,173912.48,0
100797,715,Germany,Female,45,10,40620.29,1,1,1,198444.93,0
100798,653,France,Female,40,9,128853.06,1,0,0,69397.35,0
100799,653,Spain,Female,37,2,0.0,1,1,1,146395.02,0
100800,739,Germany,Female,29,1,166031.3,2,1,0,36348.97,1
100801,601,Germany,Male,40,2,76877.25,1,1,1,90259.72,0
100802,659,Spain,Female,42,10,39022.49,1,1,1,171874.76,0
100803,606,France,Male,27,5,57450.73,1,1,1,83016.74,0
100804,609,Spain,Female,42,2,126152.99,2,0,0,124352.65,0
100805,621,Germany,Female,37,9,39763.77,1,0,0,108198.09,1
100806,671,France,Male,20,4,29539.82,1,1,1,134501.03,0
100807,605,Germany,Male,30,5,62264.73,2,1,0,194985.46,0
100808,769,Spain,Female,35,7,3028.35,2,1,0,25311.07,0
100809,565,France,Female,58,6,188873.72,2,0,1,121182.88,0
100810,632,Spain,Female,45,10,40883.54,1,1,0,174660.32,0
100811,608,Spain,Female,26,7,127560.24,1,1,0,104055.8,0
100812,787,France,Male,44,2,88987.15,2,1,0,29527.53,0
100813,669,Spain,Female,24,3,14958.89,1,0,0,118699.78,0
100814,748,France,Male,50,5,75630.81,2,0,1,76433.67,0
100815,509,France,Female,34,10,124608.17,2,0,1,43664.23,0
100816,675,France,Male,38,6,64327.8,1,0,1,172071.38,0
100817,735,Spain,Male,52,8,149973.0,2,0,1,111495.91,0
100818,658,Germany,Female,26,0,139333.95,3,0,1,187656.14,1
100819,751,France,Male,25,7,132972.72,1,1,1,164113.05,0
100820,601,France,Female,33,7,47501.28,2,1,0,143199.78,1
100821,784,Germany,Male,49,5,9049.77,1,1,1,15929.72,0
100822,850,France,Female,24,3,37957.57,1,0,0,94147.34,1
100823,616,Spain,Male,18,2,88166.94,1,1,1,51534.96,0
100824,608,Spain,Female,34,10,109838.78,2,1,1,183497.61,0
100825,788,Germany,Female,45,2,0.0,3,0,0,47298.04,0
100826,800,Spain,Male,51,5,75496.98,2,1,1,67921.11,1
100827,600,France,Male,34,7,85801.53,1,0,0,110614.8,0
100828,610,Spain,Male,35,6,58792.26,2,1,1,63722.27,0
100829,623,Germany,Male,51,10,156058.98,1,1,0,53824.97,1
100830,522,Germany,Female,20,0,102150.36,2,1,1,125833.38,0
100831,563,France,Male,35,10,157231.9,1,1,0,31451.96,0
100832,555,Spain,Female,41,5,62610.45,1,1,0,25761.04,0
100833,577,France,Male,43,6,134123.6,1,1,0,83865.38,0
100834,647,France,Female,34,6,177374.12,2,1,0,148322.92,1
100835,672,France,Female,39,8,157324.99,1,0,0,117639.25,0
100836,797,Germany,Female,18,10,8287.22,2,0,1,93232.15,0
100837,555,Germany,Female,32,10,60272.08,1,1,0,119664.04,1
100838,744,Germany,Male,44,9,54599.79,1,1,0,82608.52,0
100839,630,Spain,Male,29,4,106333.78,1,1,0,188187.07,0
100840,645,France,Female,40,0,118553.92,2,0,1,25157.4,0
100841,714,Germany,Male,43,1,23988.65,2,1,1,139577.42,0
100842,543,France,Male,36,3,80205.99,1,0,1,179887.29,1
100843,686,Spain,Female,41,4,0.0,1,1,1,163718.67,0
100844,666,Spain,Male,29,8,165400.59,1,1,0,49047.59,0
100845,697,Germany,Male,37,10,44232.8,2,1,0,69746.37,1
100846,677,Germany,Male,45,0,79463.56,1,0,0,147653.87,0
100847,850,France,Female,41,2,56801.72,2,1,1,30590.05,0
100848,589,France,Male,33,4,147053.71,2,1,1,165194.41,0
100849,600,Spain,Female,41,2,0.0,1,1,0,147997.78,0
100850,591,France,Male,46,3,74970.16,1,1,0,149977.23,0
100851,597,France,Male,19,2,69439.24,2,1,0,33544.65,0
100852,589,France,Male,51,3,47874.54,2,1,0,147785.7,1
100853,763,Spain,Female,36,0,183026.05,1,1,1,140766.35,0
100854,785,France,Female,43,7,20985.57,1,0,0,168720.66,1
100855,596,France,Male,51,3,123851.36,1,1,1,22695.25,0
100856,571,Germany,Female,25,6,98087.67,1,1,0,19275.47,0
100857,695,Spain,Male,32,1,154214.19,1,0,1,84006.31,0
100858,598,France,Female,36,1,34634.28,1,0,1,42525.83,0
100859,710,France,Female,31,5,30555.93,2,1,1,118301.13,0
100860,669,France,Male,56,1,143956.33,1,0,1,184709.55,0
100861,506,France,Male,30,5,102369.92,1,1,1,87423.75,0
100862,797,France,Male,33,10,0.0,1,0,1,171315.82,0
100863,821,Germany,Male,41,1,42563.09,2,1,1,15044.56,0
100864,592,Germany,Female,27,3,99955.72,2,1,1,46175.21,0
100865,613,Germany,Female,35,6,127941.38,1,1,1,20628.35,0
100866,677,France,Female,42,7,33887.7,1,1,1,75707.23,1
100867,682,Spain,Male,36,2,0.0,3,1,1,183015.08,0
100868,713,France,Male,38,8,108439.84,1,1,1,32936.14,0
100869,841,Spain,Female,34,1,340.12,1,0,0,127185.81,0
100870,633,Germany,Male,24,7,0.0,1,0,0,98526.75,0
100871,574,France,Female,42,7,0.0,1,0,0,188616.62,1
100872,519,Germany,Female,57,3,126466.81,1,1,1,37666.04,1
100873,581,France,Female,39,0,83974.28,2,0,1,54225.15,0
100874,647,Germany,Female,41,0,62009.3,2,0,0,20465.26,0
100875,820,France,Female,46,1,162119.51,1,1,1,95278.02,0
100876,601,France,Male,26,8,115514.13,2,1,1,66399.09,0
100877,671,Spain,Male,56,1,176210.6,1,1,0,175932.6,0
100878,648,France,Male,41,1,0.0,1,0,1,126914.05,0
100879,763,Spain,Female,55,5,73857.86,2,0,1,128606.79,1
100880,850,France,Female,32,6,0.0,2,1,0,113403.48,0
100881,600,Germany,Female,57,6,61778.3,1,0,1,31992.31,1
100882,604,Germany,Female,47,8,60585.82,1,1,1,97328.46,0
100883,749,Germany,Male,45,5,114850.05,2,1,0,199908.46,0
100884,715,France,Male,41,7,78824.96,2,1,0,169517.42,0
100885,825,France,Female,37,10,114651.24,2,0,1,180289.93,0
100886,705,France,Female,51,5,119613.29,1,1,0,167296.88,0
100887,616,France,Female,40,1,209605.58,1,1,0,34062.71,0
100888,706,Germany,Male,19,0,56451.61,1,1,0,57077.93,0
100889,755,Spain,Male,28,4,17656.59,1,1,1,15577.51,0
100890,728,Spain,Male,37,8,91257.18,2,0,1,71149.37,0
100891,698,Spain,Female,42,7,26258.64,1,0,1,35092.37,0
100892,751,Spain,Female,38,3,167881.57,1,1,0,102466.77,0
100893,761,Germany,Male,51,4,58440.48,2,1,1,140268.59,0
100894,781,France,Female,19,4,40934.27,1,1,0,176783.48,1
100895,712,Spain,Male,40,5,46778.43,1,1,0,153605.18,1
100896,634,Germany,Female,21,2,120541.88,2,1,0,188638.34,0
100897,664,Germany,Male,47,4,66219.69,2,1,0,24971.18,0
100898,765,France,Female,38,1,36216.66,2,1,1,17253.27,0
100899,572,France,Male,43,9,179251.82,1,0,1,137347.55,0
100900,685,France,Male,30,0,22917.47,2,1,0,68530.2,0
100901,613,Spain,Male,52,10,78205.1,2,0,1,61897.69,0
100902,653,Germany,Male,49,0,116442.98,1,1,1,76214.11,1
100903,771,France,Male,45,9,0.0,1,1,1,64912.27,0
100904,668,Spain,Male,38,6,105776.15,2,1,0,109615.74,0
100905,654,France,Female,45,1,10583.32,1,0,1,96427.46,0
100906,521,France,Female,32,3,127012.53,2,1,0,109799.28,0
100907,721,France,Female,48,4,16315.64,1,0,1,139452.02,0
100908,711,Germany,Male,55,6,118951.68,1,1,0,86619.14,1
100909,850,Spain,Male,50,1,144561.65,1,0,1,61491.92,1
100910,621,France,Female,32,5,129409.06,2,1,0,45747.1,0
100911,671,Spain,Male,43,0,91581.63,1,1,0,79652.71,0
100912,674,France,Male,26,6,61659.34,2,1,1,152234.2,0
100913,800,Spain,Male,45,8,40261.99,2,1,1,154990.41,0
100914,641,Spain,Male,44,4,167204.15,2,0,1,138377.5,0
100915,677,Spain,Male,20,4,32631.3,3,0,1,58295.21,0
100916,708,France,Female,27,3,11701.9,2,1,0,123795.96,0
100917,668,Spain,Female,36,2,117252.87,1,1,1,120577.59,0
100918,608,Germany,Female,36,8,26639.52,3,0,0,104589.25,0
100919,668,France,Female,27,4,17096.06,2,1,0,116746.11,0
100920,752,Spain,Female,43,7,0.0,1,1,1,105981.27,0
100921,552,France,Male,42,8,46059.59,1,0,1,119609.43,0
100922,663,Spain,Male,37,4,70871.67,2,0,1,147368.6,0
100923,583,France,Male,31,9,91071.69,1,0,1,35281.22,0
100924,764,Germany,Male,49,8,134980.99,2,1,1,153680.76,0
100925,505,Germany,Female,56,1,108667.67,1,1,0,40138.94,1
100926,597,France,Female,34,8,64165.92,1,1,0,27326.18,0
100927,686,France,Female,33,10,63711.87,2,1,1,195574.74,0
100928,799,France,Male,44,3,107629.76,1,0,0,192043.48,0
100929,644,France,Female,35,5,154899.35,1,1,0,26180.76,0
100930,597,France,Male,38,5,83831.48,2,1,0,97001.89,0
100931,829,Germany,Female,46,5,46913.89,1,0,1,49455.31,0
100932,512,France,Female,20,1,14442.31,2,1,0,104788.81,0
100933,441,France,Male,52,6,0.0,2,1,1,168582.79,0
100934,692,Germany,Male,40,5,117308.72,2,1,1,190863.18,0
100935,602,France,Female,35,10,111834.67,1,1,0,132336.74,0
100936,553,Spain,Female,38,0,111796.54,1,0,1,80472.55,0
100937,717,Spain,Male,39,1,68023.11,2,0,1,126615.23,0
100938,673,Germany,Female,22,6,163229.95,2,1,1,72720.24,0
100939,596,Germany,Female,54,0,45984.65,2,0,1,183317.37,0
100940,528,Spain,Male,39,0,135226.69,2,1,0,176024.09,0
100941,733,France,Female,43,0,73597.94,1,1,1,118272.87,0
100942,712,France,Male,49,7,38282.25,1,1,0,75087.8,1
100943,641,France,Female,29,3,112736.88,1,1,1,69277.09,1
100944,825,Spain,Male,44,3,101397.44,1,1,1,21182.33,0
100945,548,France,Female,36,1,98132.31,1,1,1,165926.86,0
100946,505,Germany,Male,47,10,81039.26,2,1,0,98320.89,0
100947,584,Spain,Female,18,10,73650.63,1,0,0,75149.59,0
100948,646,Spain,Male,38,10,224079.06,1,0,0,102155.42,0
100949,673,Germany,Female,33,0,149423.91,1,1,0,166466.53,0
100950,627,France,Female,43,9,120815.27,2,0,0,38053.63,0
100951,683,Spain,Female,44,8,82931.55,2,0,1,173666.36,0
100952,531,Germany,Female,32,6,138443.75,2,0,0,181039.13,0
100953,787,France,Female,32,3,108115.68,2,1,1,190140.96,0
100954,642,France,Female,38,5,77624.69,1,1,0,88535.28,0
100955,756,Spain,Female,30,1,57179.01,2,0,1,55170.97,0
100956,683,Germany,Female,47,6,70983.13,1,1,1,84123.55,0
100957,693,Spain,Female,35,1,0.0,1,1,1,76588.74,0
100958,704,Spain,Male,18,9,89057.25,2,0,1,47588.47,0
100959,693,Germany,Male,35,7,45714.48,2,1,0,127344.33,0
100960,711,Germany,Female,29,7,174745.54,1,1,1,103175.47,1
100961,776,France,Male,23,0,77199.33,1,1,0,175154.68,0
100962,669,France,Female,27,7,2284.27,2,1,0,20940.27,0
100963,717,France,Female,40,1,72907.43,1,0,1,134115.57,0
100964,641,Spain,Male,52,5,11140.49,1,1,0,156145.54,0
100965,787,Germany,Female,42,0,105351.26,1,0,1,155505.02,0
100966,586,Spain,Female,33,4,94038.74,1,1,0,178923.68,0
100967,821,France,Male,44,10,135386.06,2,1,0,149871.24,0
100968,646,Germany,Male,34,6,26965.33,1,1,0,186644.86,0
100969,514,Germany,Female,32,9,78108.5,1,0,0,76541.47,0
100970,662,Germany,Male,27,0,0.0,2,1,0,108093.74,0
100971,585,Germany,Male,21,1,119492.68,2,1,0,17604.74,0
100972,730,France,Female,35,6,108170.01,1,1,0,16287.15,0
100973,588,Germany,Male,41,5,106739.91,1,1,1,59423.42,0
100974,608,France,Male,38,2,76100.38,1,1,0,33649.33,0
100975,470,France,Female,35,9,101715.92,2,1,1,63139.1,0
100976,607,France,Male,30,1,175469.02,2,1,0,47753.01,0
100977,420,Germany,Male,45,9,58324.16,2,1,1,20276.2,1
100978,500,Spain,Female,26,3,84596.0,3,1,0,183221.27,0
100979,722,Germany,Female,47,2,8660.17,2,1,0,16521.28,0
100980,725,Germany,Female,29,6,22167.82,2,0,1,151175.2,0
100981,690,Germany,Male,31,7,82064.42,1,1,0,43147.36,0
100982,558,Germany,Female,24,1,144443.88,1,1,1,183762.48,0
100983,645,France,Female,34,9,60110.59,3,0,0,180167.25,0
100984,650,France,Male,49,6,61373.18,1,1,1,135971.71,0
100985,540,France,Female,44,7,50773.11,1,1,0,139363.32,1
100986,793,France,Female,49,5,42845.09,2,1,0,15987.74,0
100987,733,France,Female,44,5,94288.23,1,1,1,197201.24,1
100988,629,France,Female,28,9,0.0,2,0,0,177399.03,0
100989,653,France,Male,36,0,155418.25,2,0,1,180594.65,0
100990,670,Spain,Female,31,3,34743.82,1,1,0,136960.24,0
100991,456,France,Female,52,0,120758.02,2,0,1,78785.58,0
100992,627,France,Male,27,3,0.0,1,0,0,180325.0,0
100993,585,France,Female,48,1,117468.09,1,1,1,68930.63,0
100994,555,Germany,Male,48,10,117660.57,2,1,1,119101.64,0
100995,623,France,Male,57,4,99820.53,2,1,0,33450.23,0
100996,821,France,Male,35,9,14345.43,2,1,0,185561.79,0
100997,711,Germany,Female,46,8,91471.99,1,0,0,41042.53,0
100998,596,France,Male,62,10,2650.52,2,0,1,56605.91,0
100999,704,France,Male,33,9,60328.68,1,1,0,118254.82,0
